

INSERT INTO V2_CONTACT_GROUP
    (GROUP_ID, GROUP_NAME, COMPANY_ID, TYPE_CODE, PARENT_GROUP_ID, CREATION_DATE, CREATE_ID, DEL_YN)
 VALUES
    (1, 'HRD 컨설팅', 1, 2, '',SYSDATE,1,0)
    ;
 
INSERT INTO V2_CONTACT_GROUP
    (GROUP_ID, GROUP_NAME, COMPANY_ID, TYPE_CODE, PARENT_GROUP_ID, CREATION_DATE, CREATE_ID, DEL_YN)
 VALUES
    (2, '인키움 HRD 컨설팅', 1, 2, 1,SYSDATE,1,0)
    ;
    
INSERT INTO V2_CONTACT_GROUP
    (GROUP_ID, GROUP_NAME, COMPANY_ID, TYPE_CODE, PARENT_GROUP_ID, CREATION_DATE, CREATE_ID, DEL_YN)
 VALUES
    (3, '교육아웃소싱', 1, 2, '',SYSDATE,1,0)
    ;
INSERT INTO V2_CONTACT_GROUP
    (GROUP_ID, GROUP_NAME, COMPANY_ID, TYPE_CODE, PARENT_GROUP_ID, CREATION_DATE, CREATE_ID, DEL_YN)
 VALUES
    (4, '위탁교육', 1, 2, 3,SYSDATE,1,0)
    ;
 INSERT INTO V2_CONTACT_GROUP
    (GROUP_ID, GROUP_NAME, COMPANY_ID, TYPE_CODE, PARENT_GROUP_ID, CREATION_DATE, CREATE_ID, DEL_YN)
 VALUES
    (5, 'EM 서비스', 1, 2, 3,SYSDATE,1,0)
    ;
 INSERT INTO V2_CONTACT_GROUP
    (GROUP_ID, GROUP_NAME, COMPANY_ID, TYPE_CODE, PARENT_GROUP_ID, CREATION_DATE, CREATE_ID, DEL_YN)
 VALUES
    (6, '강의장 임대', 1, 2, 3,SYSDATE,1,0)
    ;
INSERT INTO V2_CONTACT_GROUP
    (GROUP_ID, GROUP_NAME, COMPANY_ID, TYPE_CODE, PARENT_GROUP_ID, CREATION_DATE, CREATE_ID, DEL_YN)
 VALUES
    (7, 'e-HRD 서비스', 1, 2, '',SYSDATE,1,0)
    ;
 INSERT INTO V2_CONTACT_GROUP
    (GROUP_ID, GROUP_NAME, COMPANY_ID, TYPE_CODE, PARENT_GROUP_ID, CREATION_DATE, CREATE_ID, DEL_YN)
 VALUES
    (8, '인키움  e-HRD', 1, 2, 7,SYSDATE,1,0)
    ;
  INSERT INTO V2_CONTACT_GROUP
    (GROUP_ID, GROUP_NAME, COMPANY_ID, TYPE_CODE, PARENT_GROUP_ID, CREATION_DATE, CREATE_ID, DEL_YN)
 VALUES
    (9, 'iCAP', 1, 2, 7,SYSDATE,1,0)
    ;
  INSERT INTO V2_CONTACT_GROUP
    (GROUP_ID, GROUP_NAME, COMPANY_ID, TYPE_CODE, PARENT_GROUP_ID, CREATION_DATE, CREATE_ID, DEL_YN)
 VALUES
    (10, '콘텐츠 서비스', 1, 2, '',SYSDATE,1,0)
    ;
    INSERT INTO V2_CONTACT_GROUP
    (GROUP_ID, GROUP_NAME, COMPANY_ID, TYPE_CODE, PARENT_GROUP_ID, CREATION_DATE, CREATE_ID, DEL_YN)
 VALUES
    (11, 'Studymart', 1, 2, 10,SYSDATE,1,0)
    ; 
     INSERT INTO V2_CONTACT_GROUP
    (GROUP_ID, GROUP_NAME, COMPANY_ID, TYPE_CODE, PARENT_GROUP_ID, CREATION_DATE, CREATE_ID, DEL_YN)
 VALUES
    (12, '대학사업', 1, 2, '',SYSDATE,1,0)
    ;
     INSERT INTO V2_CONTACT_GROUP
    (GROUP_ID, GROUP_NAME, COMPANY_ID, TYPE_CODE, PARENT_GROUP_ID, CREATION_DATE, CREATE_ID, DEL_YN)
 VALUES
    (13, 'jobCap', 1, 2, 12,SYSDATE,1,0)
    ;
     INSERT INTO V2_CONTACT_GROUP
    (GROUP_ID, GROUP_NAME, COMPANY_ID, TYPE_CODE, PARENT_GROUP_ID, CREATION_DATE, CREATE_ID, DEL_YN)
 VALUES
    (14, 'ICP', 1, 2, '',SYSDATE,1,0)
    ;
     INSERT INTO V2_CONTACT_GROUP
    (GROUP_ID, GROUP_NAME, COMPANY_ID, TYPE_CODE, PARENT_GROUP_ID, CREATION_DATE, CREATE_ID, DEL_YN)
 VALUES
    (15, 'ICP', 1, 2, 14,SYSDATE,1,0)
    ;
    commit;
       
    


INSERT INTO V2_CONTACT
    (CONTACT_ID, NAME, EMAIL, PHONE, CELL_PHONE, GROUP_ID, TAG, CONTACT_DESC , CREATION_DATE, CREATE_ID, DEL_YN)
 VALUES
     (1, '김종규 수석', 'jkkim@inkium.com', '02) 2081 - 1059', '010-XXXX-XXXX', 2 ,'인키움 연락처','설명...' , SYSDATE, 1, 0)
     ;
     
 INSERT INTO V2_CONTACT
    (CONTACT_ID, NAME, EMAIL, PHONE, CELL_PHONE, GROUP_ID, TAG, CONTACT_DESC , CREATION_DATE, CREATE_ID, DEL_YN)
 VALUES
     (2, '최정은 센터장', 'jchoi@inkium.com', '02) 2081 - 1023', '010-XXXX-XXXX', 4 ,'인키움 연락처','설명...' , SYSDATE, 1, 0)
     ;
 
    
    INSERT INTO V2_CONTACT
    (CONTACT_ID, NAME, EMAIL, PHONE, CELL_PHONE, GROUP_ID, TAG, CONTACT_DESC , CREATION_DATE, CREATE_ID, DEL_YN)
    VALUES
     (3, '최정은 센터장', 'jchoi@inkium.com', '02) 2081 - 1023', '010-XXXX-XXXX', 5 ,'인키움 연락처','설명...' , SYSDATE, 1, 0)
     ;
      INSERT INTO V2_CONTACT
    (CONTACT_ID, NAME, EMAIL, PHONE, CELL_PHONE, GROUP_ID, TAG, CONTACT_DESC , CREATION_DATE, CREATE_ID, DEL_YN)
    VALUES
     (4, '최정은 센터장', 'jchoi@inkium.com', '02) 2081 - 1023', '010-XXXX-XXXX', 6 ,'인키움 연락처','설명...' , SYSDATE, 1, 0)
     ;
      INSERT INTO V2_CONTACT
    (CONTACT_ID, NAME, EMAIL, PHONE, CELL_PHONE, GROUP_ID, TAG, CONTACT_DESC , CREATION_DATE, CREATE_ID, DEL_YN)
    VALUES
     (5, '양선직 팀장', 'yking11@inkium.com', '02) 2081-1092', '010-XXXX-XXXX', 8 ,'인키움 연락처','설명...' , SYSDATE, 1, 0)
     ;
     INSERT INTO V2_CONTACT
    (CONTACT_ID, NAME, EMAIL, PHONE, CELL_PHONE, GROUP_ID, TAG, CONTACT_DESC , CREATION_DATE, CREATE_ID, DEL_YN)
    VALUES
     (6, '양선직 팀장', 'yking11@inkium.com', '02) 2081-1092', '010-XXXX-XXXX', 9 ,'인키움 연락처','설명...' , SYSDATE, 1, 0)
     ;
     INSERT INTO V2_CONTACT
    (CONTACT_ID, NAME, EMAIL, PHONE, CELL_PHONE, GROUP_ID, TAG, CONTACT_DESC , CREATION_DATE, CREATE_ID, DEL_YN)
    VALUES
     (7, '서진경 대리', 'thlee130@inkium.com', '02) 2081-1006', '010-XXXX-XXXX', 11 ,'인키움 연락처','설명...' , SYSDATE, 1, 0)
     ;
       INSERT INTO V2_CONTACT
    (CONTACT_ID, NAME, EMAIL, PHONE, CELL_PHONE, GROUP_ID, TAG, CONTACT_DESC , CREATION_DATE, CREATE_ID, DEL_YN)
    VALUES
     (8, '장상현 팀장', 'dean77@inkium.com', '02) 2081-1004 ', '010-XXXX-XXXX', 13 ,'인키움 연락처','설명...' , SYSDATE, 1, 0)
     ;
      INSERT INTO V2_CONTACT
    (CONTACT_ID, NAME, EMAIL, PHONE, CELL_PHONE, GROUP_ID, TAG, CONTACT_DESC , CREATION_DATE, CREATE_ID, DEL_YN)
    VALUES
     (9, '황경호 과장', 'icp@inkium.com', '02) 2081-1058 ', '010-XXXX-XXXX', 15 ,'인키움 연락처','설명...' , SYSDATE, 1, 0)
     ;
     
     
     commit;
         
     INSERT INTO V2_TAG
     (TAG_ID, TAG_NAME, CREATION_DATE, CREATE_ID, COMPANY_ID)
     VALUES
     (1,'인키움 담당자 연락처',SYSDATE, 1, 1)
     ;
     
     INSERT INTO V2_TAG
     (TAG_ID, TAG_NAME, CREATION_DATE, CREATE_ID, COMPANY_ID)
     VALUES
     (2,'인키움',SYSDATE, 1, 1)
     ;
     
     INSERT INTO V2_CONTACT_TAG
     (CONTACT_ID, TAG_ID, CREATION_DATE, CREATE_ID)
     VALUES
     (1, 1, SYSDATE, 1)
     ;
     
     
     INSERT INTO V2_CONTACT_TAG
     (CONTACT_ID, TAG_ID, CREATION_DATE, CREATE_ID)
     VALUES
     (2, 1, SYSDATE, 1)
     ;
     
     INSERT INTO V2_CONTACT_TAG
     (CONTACT_ID, TAG_ID, CREATION_DATE, CREATE_ID)
     VALUES
     (3, 1, SYSDATE, 1)
     ;
     
     INSERT INTO V2_CONTACT_TAG
     (CONTACT_ID, TAG_ID, CREATION_DATE, CREATE_ID)
     VALUES
     (4, 1, SYSDATE, 1)
     ;
     
     
     
     
     

Insert into V2_SEQUENCER (SEQUENCER_ID,NAME,VALUE) values (63,'CONTACT',2);

Insert into V2_SEQUENCER (SEQUENCER_ID,NAME,VALUE) values (64,'CONTACT_GROUP',15);

Insert into V2_SEQUENCER (SEQUENCER_ID,NAME,VALUE) values (65,'TAG',3);


UPDATE V2_SEQUENCER
  SET VALUE = 15
WHERE SEQUENCER_ID = 64
;

commit;



